product_name,rating,title,text,date,helpful_votes,product_url
"vivo T5 5G (Silver Green, 128 GB)",5.0,Simply awesome,The phone is fabulous at the time of smartphone price hike and all the features and functions are awesome camra quality and performance are too good. Love this product.,17 days ago,45,https://www.flipkart.com/vivo-t5-5g-silver-green-128-gb/p/itm8fa150d1fa2d2?pid=MOBHQC8DQGZMMCB8&lid=LSTMOBHQC8DQGZMMCB8YZZYDV&marketplace=FLIPKART&q=vivo+T3+5G&store=tyy%2F4io&srno=s_1_1&otracker=search&fm=organic&iid=2aa72d69-b319-49a9-a16b-597e33b1cce9.MOBHQC8DQGZMMCB8.SEARCH&ppt=None&ppn=None&ssid=3s9fqst0zk0000001790917761018&qH=d8bf792aa671bc91&ov_redirect=true
"vivo T5 5G (Silver Green, 128 GB)",5.0,Awesome,After I ordered it I received next day Camera is very good Performance didn't tell now Over priced in 2026,21 days ago,63,https://www.flipkart.com/vivo-t5-5g-silver-green-128-gb/p/itm8fa150d1fa2d2?pid=MOBHQC8DQGZMMCB8&lid=LSTMOBHQC8DQGZMMCB8YZZYDV&marketplace=FLIPKART&q=vivo+T3+5G&store=tyy%2F4io&srno=s_1_1&otracker=search&fm=organic&iid=2aa72d69-b319-49a9-a16b-597e33b1cce9.MOBHQC8DQGZMMCB8.SEARCH&ppt=None&ppn=None&ssid=3s9fqst0zk0000001790917761018&qH=d8bf792aa671bc91&ov_redirect=true
"vivo T5 5G (Silver Green, 128 GB)",5.0,Perfect product!,Nice phone Buy this phone 10/09/2026 build quility Good camera,20 days ago,19,https://www.flipkart.com/vivo-t5-5g-silver-green-128-gb/p/itm8fa150d1fa2d2?pid=MOBHQC8DQGZMMCB8&lid=LSTMOBHQC8DQGZMMCB8YZZYDV&marketplace=FLIPKART&q=vivo+T3+5G&store=tyy%2F4io&srno=s_1_1&otracker=search&fm=organic&iid=2aa72d69-b319-49a9-a16b-597e33b1cce9.MOBHQC8DQGZMMCB8.SEARCH&ppt=None&ppn=None&ssid=3s9fqst0zk0000001790917761018&qH=d8bf792aa671bc91&ov_redirect=true
"vivo T5 5G (Silver Green, 128 GB)",3.0,Does the job,Best smartphone but price over high..,20 days ago,22,https://www.flipkart.com/vivo-t5-5g-silver-green-128-gb/p/itm8fa150d1fa2d2?pid=MOBHQC8DQGZMMCB8&lid=LSTMOBHQC8DQGZMMCB8YZZYDV&marketplace=FLIPKART&q=vivo+T3+5G&store=tyy%2F4io&srno=s_1_1&otracker=search&fm=organic&iid=2aa72d69-b319-49a9-a16b-597e33b1cce9.MOBHQC8DQGZMMCB8.SEARCH&ppt=None&ppn=None&ssid=3s9fqst0zk0000001790917761018&qH=d8bf792aa671bc91&ov_redirect=true
"vivo T5 5G (Silver Green, 128 GB)",4.0,Really Nice,Overall all Good Meet expection,20 days ago,6,https://www.flipkart.com/vivo-t5-5g-silver-green-128-gb/p/itm8fa150d1fa2d2?pid=MOBHQC8DQGZMMCB8&lid=LSTMOBHQC8DQGZMMCB8YZZYDV&marketplace=FLIPKART&q=vivo+T3+5G&store=tyy%2F4io&srno=s_1_1&otracker=search&fm=organic&iid=2aa72d69-b319-49a9-a16b-597e33b1cce9.MOBHQC8DQGZMMCB8.SEARCH&ppt=None&ppn=None&ssid=3s9fqst0zk0000001790917761018&qH=d8bf792aa671bc91&ov_redirect=true
"vivo T5 5G (Silver Green, 128 GB)",4.0,Pretty good,Value for money,20 days ago,7,https://www.flipkart.com/vivo-t5-5g-silver-green-128-gb/p/itm8fa150d1fa2d2?pid=MOBHQC8DQGZMMCB8&lid=LSTMOBHQC8DQGZMMCB8YZZYDV&marketplace=FLIPKART&q=vivo+T3+5G&store=tyy%2F4io&srno=s_1_1&otracker=search&fm=organic&iid=2aa72d69-b319-49a9-a16b-597e33b1cce9.MOBHQC8DQGZMMCB8.SEARCH&ppt=None&ppn=None&ssid=3s9fqst0zk0000001790917761018&qH=d8bf792aa671bc91&ov_redirect=true
"vivo T5 5G (Silver Green, 128 GB)",5.0,Awesome,"This smartphone offers an excellent combination of stylish design, a vibrant display, smooth performance, and a capable camera. Photos look detailed and natural in different lighting conditions. Batte... more",13 days ago,2,https://www.flipkart.com/vivo-t5-5g-silver-green-128-gb/p/itm8fa150d1fa2d2?pid=MOBHQC8DQGZMMCB8&lid=LSTMOBHQC8DQGZMMCB8YZZYDV&marketplace=FLIPKART&q=vivo+T3+5G&store=tyy%2F4io&srno=s_1_1&otracker=search&fm=organic&iid=2aa72d69-b319-49a9-a16b-597e33b1cce9.MOBHQC8DQGZMMCB8.SEARCH&ppt=None&ppn=None&ssid=3s9fqst0zk0000001790917761018&qH=d8bf792aa671bc91&ov_redirect=true
"vivo T5 5G (Silver Green, 128 GB)",5.0,Wonderful,Nice,19 days ago,2,https://www.flipkart.com/vivo-t5-5g-silver-green-128-gb/p/itm8fa150d1fa2d2?pid=MOBHQC8DQGZMMCB8&lid=LSTMOBHQC8DQGZMMCB8YZZYDV&marketplace=FLIPKART&q=vivo+T3+5G&store=tyy%2F4io&srno=s_1_1&otracker=search&fm=organic&iid=2aa72d69-b319-49a9-a16b-597e33b1cce9.MOBHQC8DQGZMMCB8.SEARCH&ppt=None&ppn=None&ssid=3s9fqst0zk0000001790917761018&qH=d8bf792aa671bc91&ov_redirect=true
"vivo T5 5G (Silver Green, 128 GB)",5.0,Awesome,Good,19 days ago,3,https://www.flipkart.com/vivo-t5-5g-silver-green-128-gb/p/itm8fa150d1fa2d2?pid=MOBHQC8DQGZMMCB8&lid=LSTMOBHQC8DQGZMMCB8YZZYDV&marketplace=FLIPKART&q=vivo+T3+5G&store=tyy%2F4io&srno=s_1_1&otracker=search&fm=organic&iid=2aa72d69-b319-49a9-a16b-597e33b1cce9.MOBHQC8DQGZMMCB8.SEARCH&ppt=None&ppn=None&ssid=3s9fqst0zk0000001790917761018&qH=d8bf792aa671bc91&ov_redirect=true
"vivo T5 5G (Silver Green, 128 GB)",5.0,Simply awesome,Good 👍,18 days ago,2,https://www.flipkart.com/vivo-t5-5g-silver-green-128-gb/p/itm8fa150d1fa2d2?pid=MOBHQC8DQGZMMCB8&lid=LSTMOBHQC8DQGZMMCB8YZZYDV&marketplace=FLIPKART&q=vivo+T3+5G&store=tyy%2F4io&srno=s_1_1&otracker=search&fm=organic&iid=2aa72d69-b319-49a9-a16b-597e33b1cce9.MOBHQC8DQGZMMCB8.SEARCH&ppt=None&ppn=None&ssid=3s9fqst0zk0000001790917761018&qH=d8bf792aa671bc91&ov_redirect=true
"vivo T5 5G (Silver Green, 128 GB)",5.0,Terrific purchase,👌💞Vivo t5 super phone💞👌,10 days ago,1,https://www.flipkart.com/vivo-t5-5g-silver-green-128-gb/p/itm8fa150d1fa2d2?pid=MOBHQC8DQGZMMCB8&lid=LSTMOBHQC8DQGZMMCB8YZZYDV&marketplace=FLIPKART&q=vivo+T3+5G&store=tyy%2F4io&srno=s_1_1&otracker=search&fm=organic&iid=2aa72d69-b319-49a9-a16b-597e33b1cce9.MOBHQC8DQGZMMCB8.SEARCH&ppt=None&ppn=None&ssid=3s9fqst0zk0000001790917761018&qH=d8bf792aa671bc91&ov_redirect=true
"vivo T5 5G (Silver Green, 128 GB)",4.0,Delightful,Good camera quality and design good,10 days ago,1,https://www.flipkart.com/vivo-t5-5g-silver-green-128-gb/p/itm8fa150d1fa2d2?pid=MOBHQC8DQGZMMCB8&lid=LSTMOBHQC8DQGZMMCB8YZZYDV&marketplace=FLIPKART&q=vivo+T3+5G&store=tyy%2F4io&srno=s_1_1&otracker=search&fm=organic&iid=2aa72d69-b319-49a9-a16b-597e33b1cce9.MOBHQC8DQGZMMCB8.SEARCH&ppt=None&ppn=None&ssid=3s9fqst0zk0000001790917761018&qH=d8bf792aa671bc91&ov_redirect=true
"vivo T5 5G (Silver Green, 128 GB)",5.0,Nice product,Nice 🙂,11 days ago,1,https://www.flipkart.com/vivo-t5-5g-silver-green-128-gb/p/itm8fa150d1fa2d2?pid=MOBHQC8DQGZMMCB8&lid=LSTMOBHQC8DQGZMMCB8YZZYDV&marketplace=FLIPKART&q=vivo+T3+5G&store=tyy%2F4io&srno=s_1_1&otracker=search&fm=organic&iid=2aa72d69-b319-49a9-a16b-597e33b1cce9.MOBHQC8DQGZMMCB8.SEARCH&ppt=None&ppn=None&ssid=3s9fqst0zk0000001790917761018&qH=d8bf792aa671bc91&ov_redirect=true
"vivo T5 5G (Silver Green, 128 GB)",5.0,Brilliant,very good,13 days ago,1,https://www.flipkart.com/vivo-t5-5g-silver-green-128-gb/p/itm8fa150d1fa2d2?pid=MOBHQC8DQGZMMCB8&lid=LSTMOBHQC8DQGZMMCB8YZZYDV&marketplace=FLIPKART&q=vivo+T3+5G&store=tyy%2F4io&srno=s_1_1&otracker=search&fm=organic&iid=2aa72d69-b319-49a9-a16b-597e33b1cce9.MOBHQC8DQGZMMCB8.SEARCH&ppt=None&ppn=None&ssid=3s9fqst0zk0000001790917761018&qH=d8bf792aa671bc91&ov_redirect=true
"vivo T5 5G (Silver Green, 128 GB)",5.0,Perfect product!,It is a very beautiful mobile and it is very dangerous to look at.,13 days ago,1,https://www.flipkart.com/vivo-t5-5g-silver-green-128-gb/p/itm8fa150d1fa2d2?pid=MOBHQC8DQGZMMCB8&lid=LSTMOBHQC8DQGZMMCB8YZZYDV&marketplace=FLIPKART&q=vivo+T3+5G&store=tyy%2F4io&srno=s_1_1&otracker=search&fm=organic&iid=2aa72d69-b319-49a9-a16b-597e33b1cce9.MOBHQC8DQGZMMCB8.SEARCH&ppt=None&ppn=None&ssid=3s9fqst0zk0000001790917761018&qH=d8bf792aa671bc91&ov_redirect=true
"vivo T5 5G (Silver Green, 128 GB)",5.0,Simply awesome,"Flagship Feel, Killer Performance🩷",19 days ago,2,https://www.flipkart.com/vivo-t5-5g-silver-green-128-gb/p/itm8fa150d1fa2d2?pid=MOBHQC8DQGZMMCB8&lid=LSTMOBHQC8DQGZMMCB8YZZYDV&marketplace=FLIPKART&q=vivo+T3+5G&store=tyy%2F4io&srno=s_1_1&otracker=search&fm=organic&iid=2aa72d69-b319-49a9-a16b-597e33b1cce9.MOBHQC8DQGZMMCB8.SEARCH&ppt=None&ppn=None&ssid=3s9fqst0zk0000001790917761018&qH=d8bf792aa671bc91&ov_redirect=true
"vivo T5 5G (Silver Green, 128 GB)",5.0,Wonderful,Awesome 😎,14 days ago,1,https://www.flipkart.com/vivo-t5-5g-silver-green-128-gb/p/itm8fa150d1fa2d2?pid=MOBHQC8DQGZMMCB8&lid=LSTMOBHQC8DQGZMMCB8YZZYDV&marketplace=FLIPKART&q=vivo+T3+5G&store=tyy%2F4io&srno=s_1_1&otracker=search&fm=organic&iid=2aa72d69-b319-49a9-a16b-597e33b1cce9.MOBHQC8DQGZMMCB8.SEARCH&ppt=None&ppn=None&ssid=3s9fqst0zk0000001790917761018&qH=d8bf792aa671bc91&ov_redirect=true
"vivo T5 5G (Silver Green, 128 GB)",3.0,Just okay,Camera quality not gd and not satisfied in these phone,8 days ago,,https://www.flipkart.com/vivo-t5-5g-silver-green-128-gb/p/itm8fa150d1fa2d2?pid=MOBHQC8DQGZMMCB8&lid=LSTMOBHQC8DQGZMMCB8YZZYDV&marketplace=FLIPKART&q=vivo+T3+5G&store=tyy%2F4io&srno=s_1_1&otracker=search&fm=organic&iid=2aa72d69-b319-49a9-a16b-597e33b1cce9.MOBHQC8DQGZMMCB8.SEARCH&ppt=None&ppn=None&ssid=3s9fqst0zk0000001790917761018&qH=d8bf792aa671bc91&ov_redirect=true
"vivo T5 5G (Silver Green, 128 GB)",5.0,Just wow!,Loved it 🥰,13 days ago,1,https://www.flipkart.com/vivo-t5-5g-silver-green-128-gb/p/itm8fa150d1fa2d2?pid=MOBHQC8DQGZMMCB8&lid=LSTMOBHQC8DQGZMMCB8YZZYDV&marketplace=FLIPKART&q=vivo+T3+5G&store=tyy%2F4io&srno=s_1_1&otracker=search&fm=organic&iid=2aa72d69-b319-49a9-a16b-597e33b1cce9.MOBHQC8DQGZMMCB8.SEARCH&ppt=None&ppn=None&ssid=3s9fqst0zk0000001790917761018&qH=d8bf792aa671bc91&ov_redirect=true
"vivo T5 5G (Silver Green, 128 GB)",3.0,Nice,Better than other,20 days ago,3,https://www.flipkart.com/vivo-t5-5g-silver-green-128-gb/p/itm8fa150d1fa2d2?pid=MOBHQC8DQGZMMCB8&lid=LSTMOBHQC8DQGZMMCB8YZZYDV&marketplace=FLIPKART&q=vivo+T3+5G&store=tyy%2F4io&srno=s_1_1&otracker=search&fm=organic&iid=2aa72d69-b319-49a9-a16b-597e33b1cce9.MOBHQC8DQGZMMCB8.SEARCH&ppt=None&ppn=None&ssid=3s9fqst0zk0000001790917761018&qH=d8bf792aa671bc91&ov_redirect=true
"vivo T5 5G (Silver Green, 128 GB)",2.0,Slightly disappointed,The phone started to hang from the 2nd day.,1 day ago,,https://www.flipkart.com/vivo-t5-5g-silver-green-128-gb/p/itm8fa150d1fa2d2?pid=MOBHQC8DQGZMMCB8&lid=LSTMOBHQC8DQGZMMCB8YZZYDV&marketplace=FLIPKART&q=vivo+T3+5G&store=tyy%2F4io&srno=s_1_1&otracker=search&fm=organic&iid=2aa72d69-b319-49a9-a16b-597e33b1cce9.MOBHQC8DQGZMMCB8.SEARCH&ppt=None&ppn=None&ssid=3s9fqst0zk0000001790917761018&qH=d8bf792aa671bc91&ov_redirect=true
"vivo T5 5G (Silver Green, 128 GB)",5.0,Brilliant,nice,1 day ago,,https://www.flipkart.com/vivo-t5-5g-silver-green-128-gb/p/itm8fa150d1fa2d2?pid=MOBHQC8DQGZMMCB8&lid=LSTMOBHQC8DQGZMMCB8YZZYDV&marketplace=FLIPKART&q=vivo+T3+5G&store=tyy%2F4io&srno=s_1_1&otracker=search&fm=organic&iid=2aa72d69-b319-49a9-a16b-597e33b1cce9.MOBHQC8DQGZMMCB8.SEARCH&ppt=None&ppn=None&ssid=3s9fqst0zk0000001790917761018&qH=d8bf792aa671bc91&ov_redirect=true
"vivo T5 5G (Silver Green, 128 GB)",4.0,Good choice,Very good mobile phone i happy 😊,2 days ago,,https://www.flipkart.com/vivo-t5-5g-silver-green-128-gb/p/itm8fa150d1fa2d2?pid=MOBHQC8DQGZMMCB8&lid=LSTMOBHQC8DQGZMMCB8YZZYDV&marketplace=FLIPKART&q=vivo+T3+5G&store=tyy%2F4io&srno=s_1_1&otracker=search&fm=organic&iid=2aa72d69-b319-49a9-a16b-597e33b1cce9.MOBHQC8DQGZMMCB8.SEARCH&ppt=None&ppn=None&ssid=3s9fqst0zk0000001790917761018&qH=d8bf792aa671bc91&ov_redirect=true
"vivo T5 5G (Silver Green, 128 GB)",5.0,Brilliant,Awesome,2 days ago,,https://www.flipkart.com/vivo-t5-5g-silver-green-128-gb/p/itm8fa150d1fa2d2?pid=MOBHQC8DQGZMMCB8&lid=LSTMOBHQC8DQGZMMCB8YZZYDV&marketplace=FLIPKART&q=vivo+T3+5G&store=tyy%2F4io&srno=s_1_1&otracker=search&fm=organic&iid=2aa72d69-b319-49a9-a16b-597e33b1cce9.MOBHQC8DQGZMMCB8.SEARCH&ppt=None&ppn=None&ssid=3s9fqst0zk0000001790917761018&qH=d8bf792aa671bc91&ov_redirect=true
"vivo T5 5G (Silver Green, 128 GB)",5.0,Classy product,Very nice,2 days ago,,https://www.flipkart.com/vivo-t5-5g-silver-green-128-gb/p/itm8fa150d1fa2d2?pid=MOBHQC8DQGZMMCB8&lid=LSTMOBHQC8DQGZMMCB8YZZYDV&marketplace=FLIPKART&q=vivo+T3+5G&store=tyy%2F4io&srno=s_1_1&otracker=search&fm=organic&iid=2aa72d69-b319-49a9-a16b-597e33b1cce9.MOBHQC8DQGZMMCB8.SEARCH&ppt=None&ppn=None&ssid=3s9fqst0zk0000001790917761018&qH=d8bf792aa671bc91&ov_redirect=true
"vivo T5 5G (Silver Green, 128 GB)",5.0,Terrific purchase,Excellent,2 days ago,,https://www.flipkart.com/vivo-t5-5g-silver-green-128-gb/p/itm8fa150d1fa2d2?pid=MOBHQC8DQGZMMCB8&lid=LSTMOBHQC8DQGZMMCB8YZZYDV&marketplace=FLIPKART&q=vivo+T3+5G&store=tyy%2F4io&srno=s_1_1&otracker=search&fm=organic&iid=2aa72d69-b319-49a9-a16b-597e33b1cce9.MOBHQC8DQGZMMCB8.SEARCH&ppt=None&ppn=None&ssid=3s9fqst0zk0000001790917761018&qH=d8bf792aa671bc91&ov_redirect=true
"vivo T5 5G (Silver Green, 128 GB)",4.0,Pretty good,Good,3 days ago,,https://www.flipkart.com/vivo-t5-5g-silver-green-128-gb/p/itm8fa150d1fa2d2?pid=MOBHQC8DQGZMMCB8&lid=LSTMOBHQC8DQGZMMCB8YZZYDV&marketplace=FLIPKART&q=vivo+T3+5G&store=tyy%2F4io&srno=s_1_1&otracker=search&fm=organic&iid=2aa72d69-b319-49a9-a16b-597e33b1cce9.MOBHQC8DQGZMMCB8.SEARCH&ppt=None&ppn=None&ssid=3s9fqst0zk0000001790917761018&qH=d8bf792aa671bc91&ov_redirect=true
"vivo T5 5G (Silver Green, 128 GB)",5.0,Must buy!,Good 👍,4 days ago,,https://www.flipkart.com/vivo-t5-5g-silver-green-128-gb/p/itm8fa150d1fa2d2?pid=MOBHQC8DQGZMMCB8&lid=LSTMOBHQC8DQGZMMCB8YZZYDV&marketplace=FLIPKART&q=vivo+T3+5G&store=tyy%2F4io&srno=s_1_1&otracker=search&fm=organic&iid=2aa72d69-b319-49a9-a16b-597e33b1cce9.MOBHQC8DQGZMMCB8.SEARCH&ppt=None&ppn=None&ssid=3s9fqst0zk0000001790917761018&qH=d8bf792aa671bc91&ov_redirect=true
"vivo T5 5G (Silver Green, 128 GB)",5.0,Fabulous!,Awesome,4 days ago,,https://www.flipkart.com/vivo-t5-5g-silver-green-128-gb/p/itm8fa150d1fa2d2?pid=MOBHQC8DQGZMMCB8&lid=LSTMOBHQC8DQGZMMCB8YZZYDV&marketplace=FLIPKART&q=vivo+T3+5G&store=tyy%2F4io&srno=s_1_1&otracker=search&fm=organic&iid=2aa72d69-b319-49a9-a16b-597e33b1cce9.MOBHQC8DQGZMMCB8.SEARCH&ppt=None&ppn=None&ssid=3s9fqst0zk0000001790917761018&qH=d8bf792aa671bc91&ov_redirect=true
"vivo T5 5G (Silver Green, 128 GB)",4.0,Value-for-money,Good,4 days ago,,https://www.flipkart.com/vivo-t5-5g-silver-green-128-gb/p/itm8fa150d1fa2d2?pid=MOBHQC8DQGZMMCB8&lid=LSTMOBHQC8DQGZMMCB8YZZYDV&marketplace=FLIPKART&q=vivo+T3+5G&store=tyy%2F4io&srno=s_1_1&otracker=search&fm=organic&iid=2aa72d69-b319-49a9-a16b-597e33b1cce9.MOBHQC8DQGZMMCB8.SEARCH&ppt=None&ppn=None&ssid=3s9fqst0zk0000001790917761018&qH=d8bf792aa671bc91&ov_redirect=true
"vivo T5 5G (Silver Green, 128 GB)",5.0,Perfect product!,Only The Colour Is Good 😊,5 days ago,,https://www.flipkart.com/vivo-t5-5g-silver-green-128-gb/p/itm8fa150d1fa2d2?pid=MOBHQC8DQGZMMCB8&lid=LSTMOBHQC8DQGZMMCB8YZZYDV&marketplace=FLIPKART&q=vivo+T3+5G&store=tyy%2F4io&srno=s_1_1&otracker=search&fm=organic&iid=2aa72d69-b319-49a9-a16b-597e33b1cce9.MOBHQC8DQGZMMCB8.SEARCH&ppt=None&ppn=None&ssid=3s9fqst0zk0000001790917761018&qH=d8bf792aa671bc91&ov_redirect=true
"vivo T5 5G (Silver Green, 128 GB)",5.0,Just wow!,Good,5 days ago,,https://www.flipkart.com/vivo-t5-5g-silver-green-128-gb/p/itm8fa150d1fa2d2?pid=MOBHQC8DQGZMMCB8&lid=LSTMOBHQC8DQGZMMCB8YZZYDV&marketplace=FLIPKART&q=vivo+T3+5G&store=tyy%2F4io&srno=s_1_1&otracker=search&fm=organic&iid=2aa72d69-b319-49a9-a16b-597e33b1cce9.MOBHQC8DQGZMMCB8.SEARCH&ppt=None&ppn=None&ssid=3s9fqst0zk0000001790917761018&qH=d8bf792aa671bc91&ov_redirect=true
"vivo T5 5G (Silver Green, 128 GB)",5.0,Excellent,Okay,5 days ago,,https://www.flipkart.com/vivo-t5-5g-silver-green-128-gb/p/itm8fa150d1fa2d2?pid=MOBHQC8DQGZMMCB8&lid=LSTMOBHQC8DQGZMMCB8YZZYDV&marketplace=FLIPKART&q=vivo+T3+5G&store=tyy%2F4io&srno=s_1_1&otracker=search&fm=organic&iid=2aa72d69-b319-49a9-a16b-597e33b1cce9.MOBHQC8DQGZMMCB8.SEARCH&ppt=None&ppn=None&ssid=3s9fqst0zk0000001790917761018&qH=d8bf792aa671bc91&ov_redirect=true
"vivo T5 5G (Silver Green, 128 GB)",4.0,Delightful,This product is good,6 days ago,,https://www.flipkart.com/vivo-t5-5g-silver-green-128-gb/p/itm8fa150d1fa2d2?pid=MOBHQC8DQGZMMCB8&lid=LSTMOBHQC8DQGZMMCB8YZZYDV&marketplace=FLIPKART&q=vivo+T3+5G&store=tyy%2F4io&srno=s_1_1&otracker=search&fm=organic&iid=2aa72d69-b319-49a9-a16b-597e33b1cce9.MOBHQC8DQGZMMCB8.SEARCH&ppt=None&ppn=None&ssid=3s9fqst0zk0000001790917761018&qH=d8bf792aa671bc91&ov_redirect=true
"vivo T5 5G (Silver Green, 128 GB)",5.0,Highly recommended,Awesome,6 days ago,,https://www.flipkart.com/vivo-t5-5g-silver-green-128-gb/p/itm8fa150d1fa2d2?pid=MOBHQC8DQGZMMCB8&lid=LSTMOBHQC8DQGZMMCB8YZZYDV&marketplace=FLIPKART&q=vivo+T3+5G&store=tyy%2F4io&srno=s_1_1&otracker=search&fm=organic&iid=2aa72d69-b319-49a9-a16b-597e33b1cce9.MOBHQC8DQGZMMCB8.SEARCH&ppt=None&ppn=None&ssid=3s9fqst0zk0000001790917761018&qH=d8bf792aa671bc91&ov_redirect=true
"vivo T5 5G (Silver Green, 128 GB)",5.0,Worth every penny,good,6 days ago,,https://www.flipkart.com/vivo-t5-5g-silver-green-128-gb/p/itm8fa150d1fa2d2?pid=MOBHQC8DQGZMMCB8&lid=LSTMOBHQC8DQGZMMCB8YZZYDV&marketplace=FLIPKART&q=vivo+T3+5G&store=tyy%2F4io&srno=s_1_1&otracker=search&fm=organic&iid=2aa72d69-b319-49a9-a16b-597e33b1cce9.MOBHQC8DQGZMMCB8.SEARCH&ppt=None&ppn=None&ssid=3s9fqst0zk0000001790917761018&qH=d8bf792aa671bc91&ov_redirect=true
"vivo T5 5G (Silver Green, 128 GB)",5.0,Terrific,Good,6 days ago,,https://www.flipkart.com/vivo-t5-5g-silver-green-128-gb/p/itm8fa150d1fa2d2?pid=MOBHQC8DQGZMMCB8&lid=LSTMOBHQC8DQGZMMCB8YZZYDV&marketplace=FLIPKART&q=vivo+T3+5G&store=tyy%2F4io&srno=s_1_1&otracker=search&fm=organic&iid=2aa72d69-b319-49a9-a16b-597e33b1cce9.MOBHQC8DQGZMMCB8.SEARCH&ppt=None&ppn=None&ssid=3s9fqst0zk0000001790917761018&qH=d8bf792aa671bc91&ov_redirect=true
"vivo T5 5G (Silver Green, 128 GB)",5.0,Just wow!,Excellent 👌,7 days ago,,https://www.flipkart.com/vivo-t5-5g-silver-green-128-gb/p/itm8fa150d1fa2d2?pid=MOBHQC8DQGZMMCB8&lid=LSTMOBHQC8DQGZMMCB8YZZYDV&marketplace=FLIPKART&q=vivo+T3+5G&store=tyy%2F4io&srno=s_1_1&otracker=search&fm=organic&iid=2aa72d69-b319-49a9-a16b-597e33b1cce9.MOBHQC8DQGZMMCB8.SEARCH&ppt=None&ppn=None&ssid=3s9fqst0zk0000001790917761018&qH=d8bf792aa671bc91&ov_redirect=true
"vivo T5 5G (Silver Green, 128 GB)",5.0,Awesome,Good Phone,7 days ago,,https://www.flipkart.com/vivo-t5-5g-silver-green-128-gb/p/itm8fa150d1fa2d2?pid=MOBHQC8DQGZMMCB8&lid=LSTMOBHQC8DQGZMMCB8YZZYDV&marketplace=FLIPKART&q=vivo+T3+5G&store=tyy%2F4io&srno=s_1_1&otracker=search&fm=organic&iid=2aa72d69-b319-49a9-a16b-597e33b1cce9.MOBHQC8DQGZMMCB8.SEARCH&ppt=None&ppn=None&ssid=3s9fqst0zk0000001790917761018&qH=d8bf792aa671bc91&ov_redirect=true
"vivo T5 5G (Silver Green, 128 GB)",5.0,Classy product,Good Phone,7 days ago,,https://www.flipkart.com/vivo-t5-5g-silver-green-128-gb/p/itm8fa150d1fa2d2?pid=MOBHQC8DQGZMMCB8&lid=LSTMOBHQC8DQGZMMCB8YZZYDV&marketplace=FLIPKART&q=vivo+T3+5G&store=tyy%2F4io&srno=s_1_1&otracker=search&fm=organic&iid=2aa72d69-b319-49a9-a16b-597e33b1cce9.MOBHQC8DQGZMMCB8.SEARCH&ppt=None&ppn=None&ssid=3s9fqst0zk0000001790917761018&qH=d8bf792aa671bc91&ov_redirect=true
"vivo T5 5G (Silver Green, 128 GB)",5.0,Highly recommended,Good product,8 days ago,,https://www.flipkart.com/vivo-t5-5g-silver-green-128-gb/p/itm8fa150d1fa2d2?pid=MOBHQC8DQGZMMCB8&lid=LSTMOBHQC8DQGZMMCB8YZZYDV&marketplace=FLIPKART&q=vivo+T3+5G&store=tyy%2F4io&srno=s_1_1&otracker=search&fm=organic&iid=2aa72d69-b319-49a9-a16b-597e33b1cce9.MOBHQC8DQGZMMCB8.SEARCH&ppt=None&ppn=None&ssid=3s9fqst0zk0000001790917761018&qH=d8bf792aa671bc91&ov_redirect=true
"vivo T5 5G (Silver Green, 128 GB)",4.0,Wonderful,Good phone in this range,8 days ago,,https://www.flipkart.com/vivo-t5-5g-silver-green-128-gb/p/itm8fa150d1fa2d2?pid=MOBHQC8DQGZMMCB8&lid=LSTMOBHQC8DQGZMMCB8YZZYDV&marketplace=FLIPKART&q=vivo+T3+5G&store=tyy%2F4io&srno=s_1_1&otracker=search&fm=organic&iid=2aa72d69-b319-49a9-a16b-597e33b1cce9.MOBHQC8DQGZMMCB8.SEARCH&ppt=None&ppn=None&ssid=3s9fqst0zk0000001790917761018&qH=d8bf792aa671bc91&ov_redirect=true
"vivo T5 5G (Silver Green, 128 GB)",5.0,Simply awesome,Nice Product ✅,8 days ago,,https://www.flipkart.com/vivo-t5-5g-silver-green-128-gb/p/itm8fa150d1fa2d2?pid=MOBHQC8DQGZMMCB8&lid=LSTMOBHQC8DQGZMMCB8YZZYDV&marketplace=FLIPKART&q=vivo+T3+5G&store=tyy%2F4io&srno=s_1_1&otracker=search&fm=organic&iid=2aa72d69-b319-49a9-a16b-597e33b1cce9.MOBHQC8DQGZMMCB8.SEARCH&ppt=None&ppn=None&ssid=3s9fqst0zk0000001790917761018&qH=d8bf792aa671bc91&ov_redirect=true
"vivo T5 5G (Silver Green, 128 GB)",5.0,Must buy!,This phones amazing  over all,8 days ago,,https://www.flipkart.com/vivo-t5-5g-silver-green-128-gb/p/itm8fa150d1fa2d2?pid=MOBHQC8DQGZMMCB8&lid=LSTMOBHQC8DQGZMMCB8YZZYDV&marketplace=FLIPKART&q=vivo+T3+5G&store=tyy%2F4io&srno=s_1_1&otracker=search&fm=organic&iid=2aa72d69-b319-49a9-a16b-597e33b1cce9.MOBHQC8DQGZMMCB8.SEARCH&ppt=None&ppn=None&ssid=3s9fqst0zk0000001790917761018&qH=d8bf792aa671bc91&ov_redirect=true
"vivo T5 5G (Silver Green, 128 GB)",4.0,Nice product,I'm satisfied with this mobile phone,8 days ago,,https://www.flipkart.com/vivo-t5-5g-silver-green-128-gb/p/itm8fa150d1fa2d2?pid=MOBHQC8DQGZMMCB8&lid=LSTMOBHQC8DQGZMMCB8YZZYDV&marketplace=FLIPKART&q=vivo+T3+5G&store=tyy%2F4io&srno=s_1_1&otracker=search&fm=organic&iid=2aa72d69-b319-49a9-a16b-597e33b1cce9.MOBHQC8DQGZMMCB8.SEARCH&ppt=None&ppn=None&ssid=3s9fqst0zk0000001790917761018&qH=d8bf792aa671bc91&ov_redirect=true
"vivo T5 5G (Silver Green, 128 GB)",5.0,Worth every penny,Value for money,9 days ago,,https://www.flipkart.com/vivo-t5-5g-silver-green-128-gb/p/itm8fa150d1fa2d2?pid=MOBHQC8DQGZMMCB8&lid=LSTMOBHQC8DQGZMMCB8YZZYDV&marketplace=FLIPKART&q=vivo+T3+5G&store=tyy%2F4io&srno=s_1_1&otracker=search&fm=organic&iid=2aa72d69-b319-49a9-a16b-597e33b1cce9.MOBHQC8DQGZMMCB8.SEARCH&ppt=None&ppn=None&ssid=3s9fqst0zk0000001790917761018&qH=d8bf792aa671bc91&ov_redirect=true
"vivo T5 5G (Silver Green, 128 GB)",5.0,Best in the market!,Very good product,9 days ago,,https://www.flipkart.com/vivo-t5-5g-silver-green-128-gb/p/itm8fa150d1fa2d2?pid=MOBHQC8DQGZMMCB8&lid=LSTMOBHQC8DQGZMMCB8YZZYDV&marketplace=FLIPKART&q=vivo+T3+5G&store=tyy%2F4io&srno=s_1_1&otracker=search&fm=organic&iid=2aa72d69-b319-49a9-a16b-597e33b1cce9.MOBHQC8DQGZMMCB8.SEARCH&ppt=None&ppn=None&ssid=3s9fqst0zk0000001790917761018&qH=d8bf792aa671bc91&ov_redirect=true
"vivo T5 5G (Silver Green, 128 GB)",1.0,Did not meet expectations,Camera quality is not good,9 days ago,,https://www.flipkart.com/vivo-t5-5g-silver-green-128-gb/p/itm8fa150d1fa2d2?pid=MOBHQC8DQGZMMCB8&lid=LSTMOBHQC8DQGZMMCB8YZZYDV&marketplace=FLIPKART&q=vivo+T3+5G&store=tyy%2F4io&srno=s_1_1&otracker=search&fm=organic&iid=2aa72d69-b319-49a9-a16b-597e33b1cce9.MOBHQC8DQGZMMCB8.SEARCH&ppt=None&ppn=None&ssid=3s9fqst0zk0000001790917761018&qH=d8bf792aa671bc91&ov_redirect=true
"vivo T5 5G (Silver Green, 128 GB)",2.0,Moderate,Signal problem,9 days ago,2,https://www.flipkart.com/vivo-t5-5g-silver-green-128-gb/p/itm8fa150d1fa2d2?pid=MOBHQC8DQGZMMCB8&lid=LSTMOBHQC8DQGZMMCB8YZZYDV&marketplace=FLIPKART&q=vivo+T3+5G&store=tyy%2F4io&srno=s_1_1&otracker=search&fm=organic&iid=2aa72d69-b319-49a9-a16b-597e33b1cce9.MOBHQC8DQGZMMCB8.SEARCH&ppt=None&ppn=None&ssid=3s9fqst0zk0000001790917761018&qH=d8bf792aa671bc91&ov_redirect=true
"vivo T5 5G (Silver Green, 128 GB)",4.0,Very Good,Good 👍 product in this time,9 days ago,,https://www.flipkart.com/vivo-t5-5g-silver-green-128-gb/p/itm8fa150d1fa2d2?pid=MOBHQC8DQGZMMCB8&lid=LSTMOBHQC8DQGZMMCB8YZZYDV&marketplace=FLIPKART&q=vivo+T3+5G&store=tyy%2F4io&srno=s_1_1&otracker=search&fm=organic&iid=2aa72d69-b319-49a9-a16b-597e33b1cce9.MOBHQC8DQGZMMCB8.SEARCH&ppt=None&ppn=None&ssid=3s9fqst0zk0000001790917761018&qH=d8bf792aa671bc91&ov_redirect=true
"vivo T5 5G (Silver Green, 128 GB)",5.0,Awesome,Very nice 👍,10 days ago,,https://www.flipkart.com/vivo-t5-5g-silver-green-128-gb/p/itm8fa150d1fa2d2?pid=MOBHQC8DQGZMMCB8&lid=LSTMOBHQC8DQGZMMCB8YZZYDV&marketplace=FLIPKART&q=vivo+T3+5G&store=tyy%2F4io&srno=s_1_1&otracker=search&fm=organic&iid=2aa72d69-b319-49a9-a16b-597e33b1cce9.MOBHQC8DQGZMMCB8.SEARCH&ppt=None&ppn=None&ssid=3s9fqst0zk0000001790917761018&qH=d8bf792aa671bc91&ov_redirect=true
"vivo T5 5G (Silver Green, 128 GB)",5.0,Brilliant,Nice I loved it I gifted this to my mom and she is happy indeed,11 days ago,,https://www.flipkart.com/vivo-t5-5g-silver-green-128-gb/p/itm8fa150d1fa2d2?pid=MOBHQC8DQGZMMCB8&lid=LSTMOBHQC8DQGZMMCB8YZZYDV&marketplace=FLIPKART&q=vivo+T3+5G&store=tyy%2F4io&srno=s_1_1&otracker=search&fm=organic&iid=2aa72d69-b319-49a9-a16b-597e33b1cce9.MOBHQC8DQGZMMCB8.SEARCH&ppt=None&ppn=None&ssid=3s9fqst0zk0000001790917761018&qH=d8bf792aa671bc91&ov_redirect=true
"vivo T5 5G (Silver Green, 128 GB)",5.0,Terrific,All over good 👍,11 days ago,,https://www.flipkart.com/vivo-t5-5g-silver-green-128-gb/p/itm8fa150d1fa2d2?pid=MOBHQC8DQGZMMCB8&lid=LSTMOBHQC8DQGZMMCB8YZZYDV&marketplace=FLIPKART&q=vivo+T3+5G&store=tyy%2F4io&srno=s_1_1&otracker=search&fm=organic&iid=2aa72d69-b319-49a9-a16b-597e33b1cce9.MOBHQC8DQGZMMCB8.SEARCH&ppt=None&ppn=None&ssid=3s9fqst0zk0000001790917761018&qH=d8bf792aa671bc91&ov_redirect=true
"vivo T5 5G (Silver Green, 128 GB)",5.0,Just wow!,Every thing is ok,11 days ago,,https://www.flipkart.com/vivo-t5-5g-silver-green-128-gb/p/itm8fa150d1fa2d2?pid=MOBHQC8DQGZMMCB8&lid=LSTMOBHQC8DQGZMMCB8YZZYDV&marketplace=FLIPKART&q=vivo+T3+5G&store=tyy%2F4io&srno=s_1_1&otracker=search&fm=organic&iid=2aa72d69-b319-49a9-a16b-597e33b1cce9.MOBHQC8DQGZMMCB8.SEARCH&ppt=None&ppn=None&ssid=3s9fqst0zk0000001790917761018&qH=d8bf792aa671bc91&ov_redirect=true
"vivo T5 5G (Silver Green, 128 GB)",4.0,Really Nice,Nice mobile,11 days ago,,https://www.flipkart.com/vivo-t5-5g-silver-green-128-gb/p/itm8fa150d1fa2d2?pid=MOBHQC8DQGZMMCB8&lid=LSTMOBHQC8DQGZMMCB8YZZYDV&marketplace=FLIPKART&q=vivo+T3+5G&store=tyy%2F4io&srno=s_1_1&otracker=search&fm=organic&iid=2aa72d69-b319-49a9-a16b-597e33b1cce9.MOBHQC8DQGZMMCB8.SEARCH&ppt=None&ppn=None&ssid=3s9fqst0zk0000001790917761018&qH=d8bf792aa671bc91&ov_redirect=true
"vivo T5 5G (Silver Green, 128 GB)",5.0,Best in the market!,Oswm phone,11 days ago,,https://www.flipkart.com/vivo-t5-5g-silver-green-128-gb/p/itm8fa150d1fa2d2?pid=MOBHQC8DQGZMMCB8&lid=LSTMOBHQC8DQGZMMCB8YZZYDV&marketplace=FLIPKART&q=vivo+T3+5G&store=tyy%2F4io&srno=s_1_1&otracker=search&fm=organic&iid=2aa72d69-b319-49a9-a16b-597e33b1cce9.MOBHQC8DQGZMMCB8.SEARCH&ppt=None&ppn=None&ssid=3s9fqst0zk0000001790917761018&qH=d8bf792aa671bc91&ov_redirect=true
"vivo T5 5G (Silver Green, 128 GB)",5.0,Terrific,👍👍🙂🙂🙂 Nice future in mobile,11 days ago,,https://www.flipkart.com/vivo-t5-5g-silver-green-128-gb/p/itm8fa150d1fa2d2?pid=MOBHQC8DQGZMMCB8&lid=LSTMOBHQC8DQGZMMCB8YZZYDV&marketplace=FLIPKART&q=vivo+T3+5G&store=tyy%2F4io&srno=s_1_1&otracker=search&fm=organic&iid=2aa72d69-b319-49a9-a16b-597e33b1cce9.MOBHQC8DQGZMMCB8.SEARCH&ppt=None&ppn=None&ssid=3s9fqst0zk0000001790917761018&qH=d8bf792aa671bc91&ov_redirect=true
"vivo T5 5G (Silver Green, 128 GB)",5.0,Terrific,Fine,12 days ago,,https://www.flipkart.com/vivo-t5-5g-silver-green-128-gb/p/itm8fa150d1fa2d2?pid=MOBHQC8DQGZMMCB8&lid=LSTMOBHQC8DQGZMMCB8YZZYDV&marketplace=FLIPKART&q=vivo+T3+5G&store=tyy%2F4io&srno=s_1_1&otracker=search&fm=organic&iid=2aa72d69-b319-49a9-a16b-597e33b1cce9.MOBHQC8DQGZMMCB8.SEARCH&ppt=None&ppn=None&ssid=3s9fqst0zk0000001790917761018&qH=d8bf792aa671bc91&ov_redirect=true
"vivo T5 5G (Silver Green, 128 GB)",5.0,Great product,Best phone please price increase this phone,12 days ago,,https://www.flipkart.com/vivo-t5-5g-silver-green-128-gb/p/itm8fa150d1fa2d2?pid=MOBHQC8DQGZMMCB8&lid=LSTMOBHQC8DQGZMMCB8YZZYDV&marketplace=FLIPKART&q=vivo+T3+5G&store=tyy%2F4io&srno=s_1_1&otracker=search&fm=organic&iid=2aa72d69-b319-49a9-a16b-597e33b1cce9.MOBHQC8DQGZMMCB8.SEARCH&ppt=None&ppn=None&ssid=3s9fqst0zk0000001790917761018&qH=d8bf792aa671bc91&ov_redirect=true
"vivo T5 5G (Silver Green, 128 GB)",5.0,Worth every penny,Mind 🌟 blowing ❤️💫 😎,12 days ago,,https://www.flipkart.com/vivo-t5-5g-silver-green-128-gb/p/itm8fa150d1fa2d2?pid=MOBHQC8DQGZMMCB8&lid=LSTMOBHQC8DQGZMMCB8YZZYDV&marketplace=FLIPKART&q=vivo+T3+5G&store=tyy%2F4io&srno=s_1_1&otracker=search&fm=organic&iid=2aa72d69-b319-49a9-a16b-597e33b1cce9.MOBHQC8DQGZMMCB8.SEARCH&ppt=None&ppn=None&ssid=3s9fqst0zk0000001790917761018&qH=d8bf792aa671bc91&ov_redirect=true
"vivo T5 5G (Silver Green, 128 GB)",5.0,Just wow!,Camera battery design overall good,12 days ago,,https://www.flipkart.com/vivo-t5-5g-silver-green-128-gb/p/itm8fa150d1fa2d2?pid=MOBHQC8DQGZMMCB8&lid=LSTMOBHQC8DQGZMMCB8YZZYDV&marketplace=FLIPKART&q=vivo+T3+5G&store=tyy%2F4io&srno=s_1_1&otracker=search&fm=organic&iid=2aa72d69-b319-49a9-a16b-597e33b1cce9.MOBHQC8DQGZMMCB8.SEARCH&ppt=None&ppn=None&ssid=3s9fqst0zk0000001790917761018&qH=d8bf792aa671bc91&ov_redirect=true
"vivo T5 5G (Silver Green, 128 GB)",5.0,Perfect product!,Best,13 days ago,,https://www.flipkart.com/vivo-t5-5g-silver-green-128-gb/p/itm8fa150d1fa2d2?pid=MOBHQC8DQGZMMCB8&lid=LSTMOBHQC8DQGZMMCB8YZZYDV&marketplace=FLIPKART&q=vivo+T3+5G&store=tyy%2F4io&srno=s_1_1&otracker=search&fm=organic&iid=2aa72d69-b319-49a9-a16b-597e33b1cce9.MOBHQC8DQGZMMCB8.SEARCH&ppt=None&ppn=None&ssid=3s9fqst0zk0000001790917761018&qH=d8bf792aa671bc91&ov_redirect=true
"vivo T5 5G (Silver Green, 128 GB)",5.0,Awesome,Awesome mobile,13 days ago,,https://www.flipkart.com/vivo-t5-5g-silver-green-128-gb/p/itm8fa150d1fa2d2?pid=MOBHQC8DQGZMMCB8&lid=LSTMOBHQC8DQGZMMCB8YZZYDV&marketplace=FLIPKART&q=vivo+T3+5G&store=tyy%2F4io&srno=s_1_1&otracker=search&fm=organic&iid=2aa72d69-b319-49a9-a16b-597e33b1cce9.MOBHQC8DQGZMMCB8.SEARCH&ppt=None&ppn=None&ssid=3s9fqst0zk0000001790917761018&qH=d8bf792aa671bc91&ov_redirect=true
"vivo T5 5G (Silver Green, 128 GB)",5.0,Brilliant,Good phone,14 days ago,,https://www.flipkart.com/vivo-t5-5g-silver-green-128-gb/p/itm8fa150d1fa2d2?pid=MOBHQC8DQGZMMCB8&lid=LSTMOBHQC8DQGZMMCB8YZZYDV&marketplace=FLIPKART&q=vivo+T3+5G&store=tyy%2F4io&srno=s_1_1&otracker=search&fm=organic&iid=2aa72d69-b319-49a9-a16b-597e33b1cce9.MOBHQC8DQGZMMCB8.SEARCH&ppt=None&ppn=None&ssid=3s9fqst0zk0000001790917761018&qH=d8bf792aa671bc91&ov_redirect=true
"vivo T5 5G (Silver Green, 128 GB)",1.0,Absolute rubbish!,Camera quality very poor.also mobile heat,15 days ago,5,https://www.flipkart.com/vivo-t5-5g-silver-green-128-gb/p/itm8fa150d1fa2d2?pid=MOBHQC8DQGZMMCB8&lid=LSTMOBHQC8DQGZMMCB8YZZYDV&marketplace=FLIPKART&q=vivo+T3+5G&store=tyy%2F4io&srno=s_1_1&otracker=search&fm=organic&iid=2aa72d69-b319-49a9-a16b-597e33b1cce9.MOBHQC8DQGZMMCB8.SEARCH&ppt=None&ppn=None&ssid=3s9fqst0zk0000001790917761018&qH=d8bf792aa671bc91&ov_redirect=true
"vivo T5 5G (Silver Green, 128 GB)",4.0,Delightful,Good,15 days ago,,https://www.flipkart.com/vivo-t5-5g-silver-green-128-gb/p/itm8fa150d1fa2d2?pid=MOBHQC8DQGZMMCB8&lid=LSTMOBHQC8DQGZMMCB8YZZYDV&marketplace=FLIPKART&q=vivo+T3+5G&store=tyy%2F4io&srno=s_1_1&otracker=search&fm=organic&iid=2aa72d69-b319-49a9-a16b-597e33b1cce9.MOBHQC8DQGZMMCB8.SEARCH&ppt=None&ppn=None&ssid=3s9fqst0zk0000001790917761018&qH=d8bf792aa671bc91&ov_redirect=true
"vivo T5 5G (Silver Green, 128 GB)",5.0,Best in the market!,nice produt,15 days ago,,https://www.flipkart.com/vivo-t5-5g-silver-green-128-gb/p/itm8fa150d1fa2d2?pid=MOBHQC8DQGZMMCB8&lid=LSTMOBHQC8DQGZMMCB8YZZYDV&marketplace=FLIPKART&q=vivo+T3+5G&store=tyy%2F4io&srno=s_1_1&otracker=search&fm=organic&iid=2aa72d69-b319-49a9-a16b-597e33b1cce9.MOBHQC8DQGZMMCB8.SEARCH&ppt=None&ppn=None&ssid=3s9fqst0zk0000001790917761018&qH=d8bf792aa671bc91&ov_redirect=true
"vivo T5 5G (Silver Green, 128 GB)",5.0,Mind-blowing purchase,Nice phone,15 days ago,,https://www.flipkart.com/vivo-t5-5g-silver-green-128-gb/p/itm8fa150d1fa2d2?pid=MOBHQC8DQGZMMCB8&lid=LSTMOBHQC8DQGZMMCB8YZZYDV&marketplace=FLIPKART&q=vivo+T3+5G&store=tyy%2F4io&srno=s_1_1&otracker=search&fm=organic&iid=2aa72d69-b319-49a9-a16b-597e33b1cce9.MOBHQC8DQGZMMCB8.SEARCH&ppt=None&ppn=None&ssid=3s9fqst0zk0000001790917761018&qH=d8bf792aa671bc91&ov_redirect=true
"vivo T5 5G (Silver Green, 128 GB)",1.0,Delightful,But delivery partner is rude on unboxing he only want otp n want to go really so disappointed even I didn't check my phone but overall product is good,17 days ago,5,https://www.flipkart.com/vivo-t5-5g-silver-green-128-gb/p/itm8fa150d1fa2d2?pid=MOBHQC8DQGZMMCB8&lid=LSTMOBHQC8DQGZMMCB8YZZYDV&marketplace=FLIPKART&q=vivo+T3+5G&store=tyy%2F4io&srno=s_1_1&otracker=search&fm=organic&iid=2aa72d69-b319-49a9-a16b-597e33b1cce9.MOBHQC8DQGZMMCB8.SEARCH&ppt=None&ppn=None&ssid=3s9fqst0zk0000001790917761018&qH=d8bf792aa671bc91&ov_redirect=true
"vivo T5 5G (Silver Green, 128 GB)",5.0,Excellent,Nice product from vivo,18 days ago,,https://www.flipkart.com/vivo-t5-5g-silver-green-128-gb/p/itm8fa150d1fa2d2?pid=MOBHQC8DQGZMMCB8&lid=LSTMOBHQC8DQGZMMCB8YZZYDV&marketplace=FLIPKART&q=vivo+T3+5G&store=tyy%2F4io&srno=s_1_1&otracker=search&fm=organic&iid=2aa72d69-b319-49a9-a16b-597e33b1cce9.MOBHQC8DQGZMMCB8.SEARCH&ppt=None&ppn=None&ssid=3s9fqst0zk0000001790917761018&qH=d8bf792aa671bc91&ov_redirect=true
"vivo T5 5G (Silver Green, 128 GB)",5.0,Simply awesome,Good,20 days ago,,https://www.flipkart.com/vivo-t5-5g-silver-green-128-gb/p/itm8fa150d1fa2d2?pid=MOBHQC8DQGZMMCB8&lid=LSTMOBHQC8DQGZMMCB8YZZYDV&marketplace=FLIPKART&q=vivo+T3+5G&store=tyy%2F4io&srno=s_1_1&otracker=search&fm=organic&iid=2aa72d69-b319-49a9-a16b-597e33b1cce9.MOBHQC8DQGZMMCB8.SEARCH&ppt=None&ppn=None&ssid=3s9fqst0zk0000001790917761018&qH=d8bf792aa671bc91&ov_redirect=true
